model,embedding,accuracy,precision,recall,f1_score,training_time,member
LSTM,TF-IDF,0.9766606822262118,0.9768047651213608,0.9766606822262118,0.9767263744968476,7.908243417739868,Erneste
LSTM,Skip-gram,0.947935368043088,0.9471335953353974,0.947935368043088,0.9474811361060135,3.286165237426758,Erneste
LSTM,CBOW,0.8662477558348295,0.7503851744888783,0.8662477558348295,0.8041645833387305,3.194666862487793,Erneste
