model,embedding,accuracy,precision,recall,f1_score,training_time,member
LSTM,TF-IDF,0.9766606822262118,0.9765401168998675,0.9766606822262118,0.9765939135719013,10.827518463134766,Erneste
LSTM,Skip-gram,0.9515260323159784,0.9510144128096031,0.9515260323159784,0.9512464056319997,4.601130723953247,Erneste
LSTM,CBOW,0.8662477558348295,0.7503851744888783,0.8662477558348295,0.8041645833387305,4.2276930809021,Erneste
