model,embedding,accuracy,precision,recall,f1_score,training_time,member
Logistic Regression,TF-IDF,0.9622980251346499,0.9626991428996481,0.9622980251346499,0.9600529990556776,0.7587080001831055,Mitali Bela
Logistic Regression,Skip-gram,0.9542190305206463,0.9527820473656107,0.9542190305206463,0.9530340624818583,0.025681734085083008,Mitali Bela
Logistic Regression,CBOW,0.8976660682226212,0.8897761304351155,0.8976660682226212,0.8771428735462096,0.20211410522460938,Mitali Bela
